name,infolink
Aachener Str./Gürtel,https://www.kvb.koeln/haltestellen/overview/178/
Ackerstr.,https://www.kvb.koeln/haltestellen/overview/932/
Adolf-Menzel-Str.,https://www.kvb.koeln/haltestellen/overview/119/
Adrian-Meller-Str.,https://www.kvb.koeln/haltestellen/overview/232/
Aeltgen-Dünwald-Str.,https://www.kvb.koeln/haltestellen/overview/630/
Akazienweg,https://www.kvb.koeln/haltestellen/overview/264/
Albin-Köbis-Str.,https://www.kvb.koeln/haltestellen/overview/453/
Alfred-Schütte-Allee,https://www.kvb.koeln/haltestellen/overview/441/
Alfter / Alanus Hochschule,https://www.kvb.koeln/haltestellen/overview/681/
Alte Forststr.,https://www.kvb.koeln/haltestellen/overview/560/
Alte Römerstr.,https://www.kvb.koeln/haltestellen/overview/424/
Alte Str.,https://www.kvb.koeln/haltestellen/overview/982/
Alter Deutzer Postweg,https://www.kvb.koeln/haltestellen/overview/263/
Alter Flughafen Butzweilerhof,https://www.kvb.koeln/haltestellen/overview/274/
Alter Militärring,https://www.kvb.koeln/haltestellen/overview/186/
Altonaer Platz,https://www.kvb.koeln/haltestellen/overview/363/
Alzeyer Str.,https://www.kvb.koeln/haltestellen/overview/331/
Am Alten Güterbahnhof,https://www.kvb.koeln/haltestellen/overview/643/
Am Bilderstöckchen,https://www.kvb.koeln/haltestellen/overview/332/
Am Braunsacker,https://www.kvb.koeln/haltestellen/overview/775/
Am Coloneum,https://www.kvb.koeln/haltestellen/overview/899/
Am Eifeltor,https://www.kvb.koeln/haltestellen/overview/930/
Am Emberg,https://www.kvb.koeln/haltestellen/overview/607/
Am Faulbach,https://www.kvb.koeln/haltestellen/overview/636/
Am Feldrain,https://www.kvb.koeln/haltestellen/overview/649/
Am Flachsrosterweg,https://www.kvb.koeln/haltestellen/overview/942/
Am Grauen Stein,https://www.kvb.koeln/haltestellen/overview/527/
Am Hetzepetsch,https://www.kvb.koeln/haltestellen/overview/387/
Am Hochkreuz,https://www.kvb.koeln/haltestellen/overview/898/
Am Kreuzweg,https://www.kvb.koeln/haltestellen/overview/7206/
Am Kölnberg,https://www.kvb.koeln/haltestellen/overview/85/
Am Leinacker,https://www.kvb.koeln/haltestellen/overview/877/
Am Lindenweg,https://www.kvb.koeln/haltestellen/overview/191/
Am Neuen Forst,https://www.kvb.koeln/haltestellen/overview/123/
Am Nordpark,https://www.kvb.koeln/haltestellen/overview/841/
Am Portzenacker,https://www.kvb.koeln/haltestellen/overview/619/
Am Schildchen,https://www.kvb.koeln/haltestellen/overview/787/
Am Serviesberg,https://www.kvb.koeln/haltestellen/overview/852/
Am Springborn,https://www.kvb.koeln/haltestellen/overview/611/
Am Steinneuerhof,https://www.kvb.koeln/haltestellen/overview/101/
Am Vorgebirgstor,https://www.kvb.koeln/haltestellen/overview/874/
Am Weißen Mönch,https://www.kvb.koeln/haltestellen/overview/627/
Am Zehnthof,https://www.kvb.koeln/haltestellen/overview/705/
Amsterdamer Str./Gürtel,https://www.kvb.koeln/haltestellen/overview/317/
An den Kaulen,https://www.kvb.koeln/haltestellen/overview/431/
An der Ronne,https://www.kvb.koeln/haltestellen/overview/216/
An St. Marien,https://www.kvb.koeln/haltestellen/overview/487/
Anemonenweg,https://www.kvb.koeln/haltestellen/overview/603/
Antoniusstr.,https://www.kvb.koeln/haltestellen/overview/474/
Appellhofplatz,https://www.kvb.koeln/haltestellen/overview/7/
Arenzhof,https://www.kvb.koeln/haltestellen/overview/810/
Arnoldshöhe,https://www.kvb.koeln/haltestellen/overview/84/
Arnulfstr.,https://www.kvb.koeln/haltestellen/overview/151/
Arthur-Hantzsch-Str.,https://www.kvb.koeln/haltestellen/overview/812/
Auenweg,https://www.kvb.koeln/haltestellen/overview/959/
Auf dem Berlich,https://www.kvb.koeln/haltestellen/overview/971/
Auf dem Streitacker,https://www.kvb.koeln/haltestellen/overview/832/
Auf den Steinen,https://www.kvb.koeln/haltestellen/overview/963/
Auf der Aue,https://www.kvb.koeln/haltestellen/overview/624/
Auf der Freiheit,https://www.kvb.koeln/haltestellen/overview/754/
August-Horch-Str.,https://www.kvb.koeln/haltestellen/overview/788/
Auguste-Kowalski-Str.,https://www.kvb.koeln/haltestellen/overview/566/
Autobahn (Stadtbahn),https://www.kvb.koeln/haltestellen/overview/534/
Auweiler,https://www.kvb.koeln/haltestellen/overview/374/
Auweilerweg,https://www.kvb.koeln/haltestellen/overview/297/
Bachemer Str.,https://www.kvb.koeln/haltestellen/overview/866/
Bachstelzenweg,https://www.kvb.koeln/haltestellen/overview/287/
Bad Godesberg Bf,https://www.kvb.koeln/haltestellen/overview/161/
Bad Godesberg Stadthalle,https://www.kvb.koeln/haltestellen/overview/371/
Badorf,https://www.kvb.koeln/haltestellen/overview/737/
Bahnstr.,https://www.kvb.koeln/haltestellen/overview/830/
Baldurstr.,https://www.kvb.koeln/haltestellen/overview/561/
Baptiststr.,https://www.kvb.koeln/haltestellen/overview/422/
Barbarastr.,https://www.kvb.koeln/haltestellen/overview/646/
Barbarossaplatz,https://www.kvb.koeln/haltestellen/overview/23/
Baumschulenweg,https://www.kvb.koeln/haltestellen/overview/439/
Bayenthalgürtel,https://www.kvb.koeln/haltestellen/overview/76/
Beethovenstr.,https://www.kvb.koeln/haltestellen/overview/206/
Belvederestr.,https://www.kvb.koeln/haltestellen/overview/910/
Benfleetstr.,https://www.kvb.koeln/haltestellen/overview/967/
Bensberg,https://www.kvb.koeln/haltestellen/overview/665/
Bergstr.,https://www.kvb.koeln/haltestellen/overview/310/
Bernkasteler Str.,https://www.kvb.koeln/haltestellen/overview/63/
Berrenrather Str./Gürtel,https://www.kvb.koeln/haltestellen/overview/162/
Bertha-Benz-Karree,https://www.kvb.koeln/haltestellen/overview/939/
Betzdorfer Str.,https://www.kvb.koeln/haltestellen/overview/48/
Beuelsweg,https://www.kvb.koeln/haltestellen/overview/827/
Beuelsweg Nord,https://www.kvb.koeln/haltestellen/overview/784/
Beuthener Str.,https://www.kvb.koeln/haltestellen/overview/582/
Bevingsweg,https://www.kvb.koeln/haltestellen/overview/542/
Bf Deutz/LANXESS arena,https://www.kvb.koeln/haltestellen/overview/49/
Bf Deutz/Messe,https://www.kvb.koeln/haltestellen/overview/802/
Bf Deutz/Messeplatz,https://www.kvb.koeln/haltestellen/overview/257/
Bf Ehrenfeld,https://www.kvb.koeln/haltestellen/overview/835/
Bf Lövenich,https://www.kvb.koeln/haltestellen/overview/212/
Bf Mülheim,https://www.kvb.koeln/haltestellen/overview/572/
Bf Porz,https://www.kvb.koeln/haltestellen/overview/468/
Bf Süd,https://www.kvb.koeln/haltestellen/overview/876/
Bieselweg,https://www.kvb.koeln/haltestellen/overview/500/
Birkenallee,https://www.kvb.koeln/haltestellen/overview/203/
Birkenweg,https://www.kvb.koeln/haltestellen/overview/614/
Bistritzer Str.,https://www.kvb.koeln/haltestellen/overview/872/
Bitterstr.,https://www.kvb.koeln/haltestellen/overview/429/
Blaubach,https://www.kvb.koeln/haltestellen/overview/970/
Blaugasse,https://www.kvb.koeln/haltestellen/overview/233/
Blériotstr.,https://www.kvb.koeln/haltestellen/overview/276/
Blockstr.,https://www.kvb.koeln/haltestellen/overview/399/
Blumenberg S-Bahn,https://www.kvb.koeln/haltestellen/overview/8756/
Blumenbergsweg,https://www.kvb.koeln/haltestellen/overview/889/
Bocklemünd,https://www.kvb.koeln/haltestellen/overview/291/
Bodinusstr.,https://www.kvb.koeln/haltestellen/overview/318/
Boltensternstr.,https://www.kvb.koeln/haltestellen/overview/314/
Bonhoefferstr.,https://www.kvb.koeln/haltestellen/overview/642/
Bonn Hauptbahnhof,https://www.kvb.koeln/haltestellen/overview/687/
Bonn West,https://www.kvb.koeln/haltestellen/overview/688/
Bonner Landstr.,https://www.kvb.koeln/haltestellen/overview/94/
Bonner Str./Gürtel,https://www.kvb.koeln/haltestellen/overview/81/
Bonner Wall,https://www.kvb.koeln/haltestellen/overview/20/
Bonntor,https://www.kvb.koeln/haltestellen/overview/783/
Bornheim,https://www.kvb.koeln/haltestellen/overview/673/
Bornheim Rathaus,https://www.kvb.koeln/haltestellen/overview/628/
Borsigstr.,https://www.kvb.koeln/haltestellen/overview/256/
Brahmsstr.,https://www.kvb.koeln/haltestellen/overview/172/
Braugasse,https://www.kvb.koeln/haltestellen/overview/220/
Bremerhavener Str.,https://www.kvb.koeln/haltestellen/overview/365/
Breslauer Platz/Hbf,https://www.kvb.koeln/haltestellen/overview/9/
Broichstr.,https://www.kvb.koeln/haltestellen/overview/541/
Bruder-Klaus-Siedlung,https://www.kvb.koeln/haltestellen/overview/638/
Brück Mauspfad,https://www.kvb.koeln/haltestellen/overview/547/
Brüggener Str.,https://www.kvb.koeln/haltestellen/overview/62/
Brühl Mitte,https://www.kvb.koeln/haltestellen/overview/735/
Brühl Nord,https://www.kvb.koeln/haltestellen/overview/734/
Brühl Süd,https://www.kvb.koeln/haltestellen/overview/736/
Brühl Vochem,https://www.kvb.koeln/haltestellen/overview/738/
Brühler Str./Gürtel,https://www.kvb.koeln/haltestellen/overview/74/
Brühler Straße,https://www.kvb.koeln/haltestellen/overview/689/
Buchforst S-Bahn,https://www.kvb.koeln/haltestellen/overview/779/
Buchforst Waldecker Str.,https://www.kvb.koeln/haltestellen/overview/569/
Buchheim Frankfurter Str.,https://www.kvb.koeln/haltestellen/overview/577/
Buchheim Herler Str.,https://www.kvb.koeln/haltestellen/overview/578/
Buchheimer Weg,https://www.kvb.koeln/haltestellen/overview/535/
Bugenhagenstr.,https://www.kvb.koeln/haltestellen/overview/941/
Bundesrechnungshof/A. Amt,https://www.kvb.koeln/haltestellen/overview/684/
Bunsenstr.,https://www.kvb.koeln/haltestellen/overview/137/
Burgwiesenstr.,https://www.kvb.koeln/haltestellen/overview/591/
Buschdorf,https://www.kvb.koeln/haltestellen/overview/695/
Buschfeldstr.,https://www.kvb.koeln/haltestellen/overview/590/
Buschweg,https://www.kvb.koeln/haltestellen/overview/302/
Butzweilerstr.,https://www.kvb.koeln/haltestellen/overview/250/
Bückebergstr.,https://www.kvb.koeln/haltestellen/overview/550/
Bürgeramt Rodenkirchen,https://www.kvb.koeln/haltestellen/overview/980/
Bürgerpark Mülheim,https://www.kvb.koeln/haltestellen/overview/870/
Böcklinstr.,https://www.kvb.koeln/haltestellen/overview/199/
Bödinger Str.,https://www.kvb.koeln/haltestellen/overview/98/
Börnestr.,https://www.kvb.koeln/haltestellen/overview/300/
Campingplatz Rodenkirchen (nur Sommerferien),https://www.kvb.koeln/haltestellen/overview/115/
Carl-Goerdeler-Str.,https://www.kvb.koeln/haltestellen/overview/728/
Carlswerkstr.,https://www.kvb.koeln/haltestellen/overview/911/
Celsiusstr.,https://www.kvb.koeln/haltestellen/overview/909/
Chempark S-Bahn,https://www.kvb.koeln/haltestellen/overview/814/
Cheruskerstr.,https://www.kvb.koeln/haltestellen/overview/792/
Chlodwigplatz,https://www.kvb.koeln/haltestellen/overview/18/
Chorbuschstr.,https://www.kvb.koeln/haltestellen/overview/376/
Chorweiler,https://www.kvb.koeln/haltestellen/overview/385/
Chorweiler Nord,https://www.kvb.koeln/haltestellen/overview/9574/
Christian-Sünner-Str.,https://www.kvb.koeln/haltestellen/overview/923/
Christophstr./Mediapark,https://www.kvb.koeln/haltestellen/overview/32/
Clarenbachstift,https://www.kvb.koeln/haltestellen/overview/180/
Colonia-Allee,https://www.kvb.koeln/haltestellen/overview/592/
Corintostr.,https://www.kvb.koeln/haltestellen/overview/921/
Cottbuser Str.,https://www.kvb.koeln/haltestellen/overview/605/
Cranachstr.,https://www.kvb.koeln/haltestellen/overview/826/
Curt-Stenvert-Bogen,https://www.kvb.koeln/haltestellen/overview/926/
Cäsarstr.,https://www.kvb.koeln/haltestellen/overview/70/
CöllnParc,https://www.kvb.koeln/haltestellen/overview/900/
Danzierstr.,https://www.kvb.koeln/haltestellen/overview/962/
Dasselstr./Bf Süd,https://www.kvb.koeln/haltestellen/overview/865/
Deckstein,https://www.kvb.koeln/haltestellen/overview/177/
Dellbrück Hauptstr.,https://www.kvb.koeln/haltestellen/overview/595/
Dellbrück Mauspfad,https://www.kvb.koeln/haltestellen/overview/594/
Dellbrück S-Bahn,https://www.kvb.koeln/haltestellen/overview/604/
Dersdorf,https://www.kvb.koeln/haltestellen/overview/674/
Deutz Technische Hochschule,https://www.kvb.koeln/haltestellen/overview/44/
Deutzer Freiheit,https://www.kvb.koeln/haltestellen/overview/39/
Deutzer Friedhof,https://www.kvb.koeln/haltestellen/overview/890/
Deutzer Ring,https://www.kvb.koeln/haltestellen/overview/496/
Diepenbeekallee,https://www.kvb.koeln/haltestellen/overview/229/
Diepeschrather Str.,https://www.kvb.koeln/haltestellen/overview/602/
Dieselstr.,https://www.kvb.koeln/haltestellen/overview/214/
Dillenburger Str.,https://www.kvb.koeln/haltestellen/overview/960/
Dionysstr.,https://www.kvb.koeln/haltestellen/overview/360/
DLR,https://www.kvb.koeln/haltestellen/overview/509/
Dohmengasse,https://www.kvb.koeln/haltestellen/overview/295/
Dom/Hbf,https://www.kvb.koeln/haltestellen/overview/752/
Donatusstr.,https://www.kvb.koeln/haltestellen/overview/383/
Dornstr.,https://www.kvb.koeln/haltestellen/overview/430/
Dorotheenstr.,https://www.kvb.koeln/haltestellen/overview/484/
Dr.-Schultz-Str.,https://www.kvb.koeln/haltestellen/overview/715/
Dransdorf,https://www.kvb.koeln/haltestellen/overview/697/
Drehbrücke,https://www.kvb.koeln/haltestellen/overview/46/
Drosselweg,https://www.kvb.koeln/haltestellen/overview/346/
Dünnwald Waldbad,https://www.kvb.koeln/haltestellen/overview/794/
Dünnwalder Str.,https://www.kvb.koeln/haltestellen/overview/634/
Dürener Str./Gürtel,https://www.kvb.koeln/haltestellen/overview/170/
Dädalusring,https://www.kvb.koeln/haltestellen/overview/361/
Ebernburgweg,https://www.kvb.koeln/haltestellen/overview/330/
Ebertplatz,https://www.kvb.koeln/haltestellen/overview/35/
Ebertplatz/Riehler Str.,https://www.kvb.koeln/haltestellen/overview/653/
Eddaweg,https://www.kvb.koeln/haltestellen/overview/662/
Edelhofstr.,https://www.kvb.koeln/haltestellen/overview/650/
Edmund-Rumpler-Str.,https://www.kvb.koeln/haltestellen/overview/790/
Edsel-Ford-Str.,https://www.kvb.koeln/haltestellen/overview/414/
Efferen,https://www.kvb.koeln/haltestellen/overview/730/
Egelspfad,https://www.kvb.koeln/haltestellen/overview/211/
Eggerbachstr.,https://www.kvb.koeln/haltestellen/overview/597/
Egonstr.,https://www.kvb.koeln/haltestellen/overview/645/
Eichenstr.,https://www.kvb.koeln/haltestellen/overview/252/
Eifelplatz,https://www.kvb.koeln/haltestellen/overview/21/
Eifelstr.,https://www.kvb.koeln/haltestellen/overview/22/
Eifelwall/Stadtarchiv,https://www.kvb.koeln/haltestellen/overview/26/
Eil Heumarer Str.,https://www.kvb.koeln/haltestellen/overview/460/
Eil Kirche,https://www.kvb.koeln/haltestellen/overview/458/
Eiler Str.,https://www.kvb.koeln/haltestellen/overview/559/
Elisabeth-Breuer-Str.,https://www.kvb.koeln/haltestellen/overview/934/
Elisabethstr.,https://www.kvb.koeln/haltestellen/overview/720/
Elsdorf,https://www.kvb.koeln/haltestellen/overview/481/
Emilstr.,https://www.kvb.koeln/haltestellen/overview/268/
Engeldorfer Hof,https://www.kvb.koeln/haltestellen/overview/89/
Engeldorfer Str.,https://www.kvb.koeln/haltestellen/overview/87/
Ensen Gilgaustr.,https://www.kvb.koeln/haltestellen/overview/451/
Ensen Kloster,https://www.kvb.koeln/haltestellen/overview/452/
Erker Mühle,https://www.kvb.koeln/haltestellen/overview/548/
Erlenweg,https://www.kvb.koeln/haltestellen/overview/269/
Ernst-Volland-Str.,https://www.kvb.koeln/haltestellen/overview/128/
Esch,https://www.kvb.koeln/haltestellen/overview/377/
Esch Friedhof,https://www.kvb.koeln/haltestellen/overview/857/
Escher See,https://www.kvb.koeln/haltestellen/overview/774/
Escher Str.,https://www.kvb.koeln/haltestellen/overview/326/
Esserstr.,https://www.kvb.koeln/haltestellen/overview/528/
Esso,https://www.kvb.koeln/haltestellen/overview/366/
Ettore-Bugatti-Str.,https://www.kvb.koeln/haltestellen/overview/437/
Etzelstr.,https://www.kvb.koeln/haltestellen/overview/341/
Eupener Str.,https://www.kvb.koeln/haltestellen/overview/181/
Europaring,https://www.kvb.koeln/haltestellen/overview/562/
Euskirchener Str.,https://www.kvb.koeln/haltestellen/overview/163/
Eygelshovener Str.,https://www.kvb.koeln/haltestellen/overview/202/
Eythstr.,https://www.kvb.koeln/haltestellen/overview/514/
Falkenweg,https://www.kvb.koeln/haltestellen/overview/290/
Feldbergstr.,https://www.kvb.koeln/haltestellen/overview/525/
Feldkasseler Weg,https://www.kvb.koeln/haltestellen/overview/855/
Feltenstr.,https://www.kvb.koeln/haltestellen/overview/267/
Feuerwache,https://www.kvb.koeln/haltestellen/overview/471/
Fischenich,https://www.kvb.koeln/haltestellen/overview/731/
Flachsweg,https://www.kvb.koeln/haltestellen/overview/192/
Flehbachstr.,https://www.kvb.koeln/haltestellen/overview/546/
Flittard Süd,https://www.kvb.koeln/haltestellen/overview/647/
Flittarder Feld,https://www.kvb.koeln/haltestellen/overview/648/
Florastr.,https://www.kvb.koeln/haltestellen/overview/304/
Florenzer Str.,https://www.kvb.koeln/haltestellen/overview/856/
Flughafen Personalparkplatz,https://www.kvb.koeln/haltestellen/overview/745/
Fordwerke Mitte,https://www.kvb.koeln/haltestellen/overview/369/
Fordwerke Nord,https://www.kvb.koeln/haltestellen/overview/370/
Fordwerke Süd,https://www.kvb.koeln/haltestellen/overview/368/
Frankenforst,https://www.kvb.koeln/haltestellen/overview/671/
Frankenstr.,https://www.kvb.koeln/haltestellen/overview/88/
Frankenthaler Str.,https://www.kvb.koeln/haltestellen/overview/329/
Frankfurter Str. S-Bahn,https://www.kvb.koeln/haltestellen/overview/657/
Frankstr.,https://www.kvb.koeln/haltestellen/overview/110/
Franz-Liszt-Str.,https://www.kvb.koeln/haltestellen/overview/755/
Franziska-Anneke-Str.,https://www.kvb.koeln/haltestellen/overview/849/
Frechen Bf,https://www.kvb.koeln/haltestellen/overview/712/
Frechen Kirche,https://www.kvb.koeln/haltestellen/overview/711/
Frechen Rathaus,https://www.kvb.koeln/haltestellen/overview/710/
Frechen-Benzelrath,https://www.kvb.koeln/haltestellen/overview/708/
Frechener Weg,https://www.kvb.koeln/haltestellen/overview/222/
Freiheitsring,https://www.kvb.koeln/haltestellen/overview/717/
Freiligrathstr.,https://www.kvb.koeln/haltestellen/overview/880/
Friedensstr.,https://www.kvb.koeln/haltestellen/overview/477/
Friedhof Chorweiler,https://www.kvb.koeln/haltestellen/overview/398/
Friedhof Godorf,https://www.kvb.koeln/haltestellen/overview/138/
Friedhof Lehmbacher Weg,https://www.kvb.koeln/haltestellen/overview/682/
Friedhof Rodenkirchen,https://www.kvb.koeln/haltestellen/overview/100/
Friedhof Stammheim,https://www.kvb.koeln/haltestellen/overview/644/
Friedhof Steinneuerhof,https://www.kvb.koeln/haltestellen/overview/102/
Friedhof Worringen,https://www.kvb.koeln/haltestellen/overview/749/
Friedrich-Hirsch-Str.,https://www.kvb.koeln/haltestellen/overview/480/
Friedrich-Karl-Str.,https://www.kvb.koeln/haltestellen/overview/345/
Friesenplatz,https://www.kvb.koeln/haltestellen/overview/30/
Fuggerstr.,https://www.kvb.koeln/haltestellen/overview/462/
Fuldaer Str.,https://www.kvb.koeln/haltestellen/overview/517/
Further Str.,https://www.kvb.koeln/haltestellen/overview/423/
Fühlingen,https://www.kvb.koeln/haltestellen/overview/405/
Fühlinger Weg,https://www.kvb.koeln/haltestellen/overview/397/
Gaedestr.,https://www.kvb.koeln/haltestellen/overview/82/
Gauweg,https://www.kvb.koeln/haltestellen/overview/821/
Geestemünder Str.,https://www.kvb.koeln/haltestellen/overview/367/
Geibelstr.,https://www.kvb.koeln/haltestellen/overview/146/
Geilenkircher Str.,https://www.kvb.koeln/haltestellen/overview/184/
Geisselstr.,https://www.kvb.koeln/haltestellen/overview/253/
Geldernstr./Parkgürtel,https://www.kvb.koeln/haltestellen/overview/325/
Gerhart-Hauptmann-Str.,https://www.kvb.koeln/haltestellen/overview/589/
Gerolsteiner Str.,https://www.kvb.koeln/haltestellen/overview/157/
Gewerbegebiet Bilderstöckchen,https://www.kvb.koeln/haltestellen/overview/335/
Gewerbegebiet Broichstr.,https://www.kvb.koeln/haltestellen/overview/545/
Gewerbegebiet Feldkassel,https://www.kvb.koeln/haltestellen/overview/33/
Gewerbegebiet Pesch,https://www.kvb.koeln/haltestellen/overview/382/
Gewerbegebiet Pesch Nord,https://www.kvb.koeln/haltestellen/overview/781/
Gießener Str.,https://www.kvb.koeln/haltestellen/overview/531/
Gisbertstr.,https://www.kvb.koeln/haltestellen/overview/842/
Glashüttenstr.,https://www.kvb.koeln/haltestellen/overview/862/
Gleueler Str./Gürtel,https://www.kvb.koeln/haltestellen/overview/173/
Godorf Bf,https://www.kvb.koeln/haltestellen/overview/134/
Goldammerweg,https://www.kvb.koeln/haltestellen/overview/288/
Goldregenweg,https://www.kvb.koeln/haltestellen/overview/629/
Goltsteinstr./Gürtel,https://www.kvb.koeln/haltestellen/overview/78/
Gottesweg,https://www.kvb.koeln/haltestellen/overview/54/
Grachtenhofstr.,https://www.kvb.koeln/haltestellen/overview/723/
Graditzer Str.,https://www.kvb.koeln/haltestellen/overview/348/
Graf-Adolf-Str.,https://www.kvb.koeln/haltestellen/overview/573/
Graf-Zeppelin-Str.,https://www.kvb.koeln/haltestellen/overview/475/
Gremberg,https://www.kvb.koeln/haltestellen/overview/530/
Grengel Mauspfad,https://www.kvb.koeln/haltestellen/overview/476/
Grevenbroicher Str.,https://www.kvb.koeln/haltestellen/overview/293/
Grimmelshausenstr.,https://www.kvb.koeln/haltestellen/overview/112/
Gronauer Str.,https://www.kvb.koeln/haltestellen/overview/580/
Grunerstr.,https://www.kvb.koeln/haltestellen/overview/587/
Grüner Hof,https://www.kvb.koeln/haltestellen/overview/838/
Grüngürtelstr.,https://www.kvb.koeln/haltestellen/overview/117/
Grünstr.,https://www.kvb.koeln/haltestellen/overview/568/
Gummersbacher Str.,https://www.kvb.koeln/haltestellen/overview/920/
Gunther-Plüschow-Str.,https://www.kvb.koeln/haltestellen/overview/661/
Guntherstr.,https://www.kvb.koeln/haltestellen/overview/503/
Gut Leidenhausen,https://www.kvb.koeln/haltestellen/overview/927/
Gut Neuenhof,https://www.kvb.koeln/haltestellen/overview/722/
Gutenbergstr.,https://www.kvb.koeln/haltestellen/overview/238/
Güterverkehrszentrum,https://www.kvb.koeln/haltestellen/overview/859/
Güterverkehrszentrum Süd,https://www.kvb.koeln/haltestellen/overview/915/
Görlinger-Zentrum,https://www.kvb.koeln/haltestellen/overview/940/
Göttinger Str.,https://www.kvb.koeln/haltestellen/overview/823/
Habichtstr.,https://www.kvb.koeln/haltestellen/overview/884/
Hackhauser Weg,https://www.kvb.koeln/haltestellen/overview/427/
Hahnwald,https://www.kvb.koeln/haltestellen/overview/105/
Halfengasse,https://www.kvb.koeln/haltestellen/overview/350/
Hammerschmidtstr.,https://www.kvb.koeln/haltestellen/overview/129/
Hans-Böckler-Platz/Bf West,https://www.kvb.koeln/haltestellen/overview/867/
Hans-Offermann-Str.,https://www.kvb.koeln/haltestellen/overview/938/
Hansaring,https://www.kvb.koeln/haltestellen/overview/36/
Hansestr.,https://www.kvb.koeln/haltestellen/overview/454/
Hasencleverstr.,https://www.kvb.koeln/haltestellen/overview/538/
Haus Fühlingen,https://www.kvb.koeln/haltestellen/overview/404/
Haus Vorst,https://www.kvb.koeln/haltestellen/overview/713/
Havelstr.,https://www.kvb.koeln/haltestellen/overview/883/
Heeresamt,https://www.kvb.koeln/haltestellen/overview/73/
Heimersdorf,https://www.kvb.koeln/haltestellen/overview/384/
Heimfriedweg,https://www.kvb.koeln/haltestellen/overview/943/
Heinering,https://www.kvb.koeln/haltestellen/overview/372/
Heinrich-Bützler-Str.,https://www.kvb.koeln/haltestellen/overview/924/
Heinrich-Erpenbach-Str.,https://www.kvb.koeln/haltestellen/overview/248/
Heinrich-Lübke-Ufer,https://www.kvb.koeln/haltestellen/overview/897/
Heinrich-Mann-Str.,https://www.kvb.koeln/haltestellen/overview/301/
Heinz-Kühn-Str.,https://www.kvb.koeln/haltestellen/overview/878/
Helaweg,https://www.kvb.koeln/haltestellen/overview/986/
Herforder Str.,https://www.kvb.koeln/haltestellen/overview/364/
Hermann-Löns-Str.,https://www.kvb.koeln/haltestellen/overview/375/
Herrigergasse,https://www.kvb.koeln/haltestellen/overview/189/
Hersel,https://www.kvb.koeln/haltestellen/overview/678/
Herstattallee,https://www.kvb.koeln/haltestellen/overview/388/
Herthastr.,https://www.kvb.koeln/haltestellen/overview/53/
Heumarkt,https://www.kvb.koeln/haltestellen/overview/1/
Heussallee/Museumsmeile,https://www.kvb.koeln/haltestellen/overview/692/
Hildegardis-Krankenhaus,https://www.kvb.koeln/haltestellen/overview/145/
Hildegundweg,https://www.kvb.koeln/haltestellen/overview/618/
Hochkirchen,https://www.kvb.koeln/haltestellen/overview/95/
Hochkreuz,https://www.kvb.koeln/haltestellen/overview/699/
Hohenlind,https://www.kvb.koeln/haltestellen/overview/174/
Holweide S-Bahn,https://www.kvb.koeln/haltestellen/overview/586/
Holweide Vischeringstr.,https://www.kvb.koeln/haltestellen/overview/583/
Honschaftsstr.,https://www.kvb.koeln/haltestellen/overview/610/
Hopfenstr.,https://www.kvb.koeln/haltestellen/overview/868/
Hugo-Eckener-Str.,https://www.kvb.koeln/haltestellen/overview/275/
Hugo-Junkers-Str.,https://www.kvb.koeln/haltestellen/overview/861/
Humboldtstr.,https://www.kvb.koeln/haltestellen/overview/456/
Hücheln Krankenhaus,https://www.kvb.koeln/haltestellen/overview/707/
Hüchelner Str.,https://www.kvb.koeln/haltestellen/overview/718/
Hürth-Hermülheim,https://www.kvb.koeln/haltestellen/overview/733/
Hürth-Kalscheuren Bf.,https://www.kvb.koeln/haltestellen/overview/5447/
Häuschensweg,https://www.kvb.koeln/haltestellen/overview/266/
Höhenberg Frankfurter Str.,https://www.kvb.koeln/haltestellen/overview/518/
Höhscheider Weg,https://www.kvb.koeln/haltestellen/overview/615/
Höningen Rondorfer Weg,https://www.kvb.koeln/haltestellen/overview/92/
Höningen Siedlung,https://www.kvb.koeln/haltestellen/overview/93/
IKEA Am Butzweilerhof,https://www.kvb.koeln/haltestellen/overview/976/
IKEA Godorf,https://www.kvb.koeln/haltestellen/overview/871/
Iltisstr.,https://www.kvb.koeln/haltestellen/overview/249/
Im Buschfelde,https://www.kvb.koeln/haltestellen/overview/230/
Im Falkenhorst,https://www.kvb.koeln/haltestellen/overview/459/
Im Hoppenkamp,https://www.kvb.koeln/haltestellen/overview/655/
Im Klarenpesch,https://www.kvb.koeln/haltestellen/overview/714/
Im Langen Bruch,https://www.kvb.koeln/haltestellen/overview/552/
Im Rheinpark,https://www.kvb.koeln/haltestellen/overview/51/
Im Rheintal,https://www.kvb.koeln/haltestellen/overview/918/
Im Wasserfeld,https://www.kvb.koeln/haltestellen/overview/443/
Im Weidenbruch,https://www.kvb.koeln/haltestellen/overview/606/
Im Wichemshof,https://www.kvb.koeln/haltestellen/overview/793/
Im Wirtskamp,https://www.kvb.koeln/haltestellen/overview/795/
Imbacher Weg,https://www.kvb.koeln/haltestellen/overview/801/
Imbuschstr.,https://www.kvb.koeln/haltestellen/overview/729/
Immendorf,https://www.kvb.koeln/haltestellen/overview/140/
Immendorf Schule,https://www.kvb.koeln/haltestellen/overview/840/
Immendorf Siedlung,https://www.kvb.koeln/haltestellen/overview/139/
In der Kreuzau,https://www.kvb.koeln/haltestellen/overview/964/
Indianapolis-Str.,https://www.kvb.koeln/haltestellen/overview/786/
Innere Kanalstr.,https://www.kvb.koeln/haltestellen/overview/756/
Jasminweg,https://www.kvb.koeln/haltestellen/overview/612/
Johannes-Prassel-Str.,https://www.kvb.koeln/haltestellen/overview/378/
Johannesstr.,https://www.kvb.koeln/haltestellen/overview/746/
Josef-Lammerting-Allee,https://www.kvb.koeln/haltestellen/overview/91/
Junkersdorf,https://www.kvb.koeln/haltestellen/overview/200/
Juridicum,https://www.kvb.koeln/haltestellen/overview/685/
Justizzentrum,https://www.kvb.koeln/haltestellen/overview/875/
Kalk Kapelle,https://www.kvb.koeln/haltestellen/overview/513/
Kalk Post,https://www.kvb.koeln/haltestellen/overview/512/
Kalk-Karree,https://www.kvb.koeln/haltestellen/overview/922/
Kalker Friedhof,https://www.kvb.koeln/haltestellen/overview/539/
Kalkweg,https://www.kvb.koeln/haltestellen/overview/622/
Kallbergstr.,https://www.kvb.koeln/haltestellen/overview/928/
Kapellenweg,https://www.kvb.koeln/haltestellen/overview/748/
Kapfenberger Str.,https://www.kvb.koeln/haltestellen/overview/716/
Kappelsweg,https://www.kvb.koeln/haltestellen/overview/55/
Karl-Marx-Allee,https://www.kvb.koeln/haltestellen/overview/386/
Karl-Schwering-Platz,https://www.kvb.koeln/haltestellen/overview/148/
Karnevalsmuseum,https://www.kvb.koeln/haltestellen/overview/259/
Kartäuserhof,https://www.kvb.koeln/haltestellen/overview/894/
Kaserne Haupttor,https://www.kvb.koeln/haltestellen/overview/888/
Kaserne Nordtor,https://www.kvb.koeln/haltestellen/overview/482/
Kasselberg,https://www.kvb.koeln/haltestellen/overview/419/
Kendenicher Str.,https://www.kvb.koeln/haltestellen/overview/60/
Kesselsgasse,https://www.kvb.koeln/haltestellen/overview/706/
Kettelerstr.,https://www.kvb.koeln/haltestellen/overview/90/
Keupstr.,https://www.kvb.koeln/haltestellen/overview/631/
Kiebitzweg,https://www.kvb.koeln/haltestellen/overview/732/
Kieler Str.,https://www.kvb.koeln/haltestellen/overview/574/
Kinderkrankenhaus,https://www.kvb.koeln/haltestellen/overview/316/
Kippekausen,https://www.kvb.koeln/haltestellen/overview/670/
Kirschbaumweg,https://www.kvb.koeln/haltestellen/overview/103/
Kitschburger Str.,https://www.kvb.koeln/haltestellen/overview/171/
Klaprothstr.,https://www.kvb.koeln/haltestellen/overview/933/
Kleinfeldchensweg,https://www.kvb.koeln/haltestellen/overview/549/
Kleingartenanlage Ostheim,https://www.kvb.koeln/haltestellen/overview/321/
Klettenbergpark,https://www.kvb.koeln/haltestellen/overview/167/
Klingerstr.,https://www.kvb.koeln/haltestellen/overview/863/
Klinikum Merheim,https://www.kvb.koeln/haltestellen/overview/831/
Klosterhof,https://www.kvb.koeln/haltestellen/overview/617/
Koblenzer Str.,https://www.kvb.koeln/haltestellen/overview/67/
Kochwiesenstr.,https://www.kvb.koeln/haltestellen/overview/296/
Koelnmesse,https://www.kvb.koeln/haltestellen/overview/42/
Kolkrabenweg,https://www.kvb.koeln/haltestellen/overview/285/
Konrad-Adenauer-Str.,https://www.kvb.koeln/haltestellen/overview/120/
Konradstr.,https://www.kvb.koeln/haltestellen/overview/156/
Kopernikusschule,https://www.kvb.koeln/haltestellen/overview/470/
Koppensteinstr.,https://www.kvb.koeln/haltestellen/overview/176/
Korber Weg,https://www.kvb.koeln/haltestellen/overview/483/
Kornblumenweg,https://www.kvb.koeln/haltestellen/overview/502/
Krefelder Wall,https://www.kvb.koeln/haltestellen/overview/38/
Kretzerstr.,https://www.kvb.koeln/haltestellen/overview/309/
Krieger-Str.,https://www.kvb.koeln/haltestellen/overview/864/
Krieler Str.,https://www.kvb.koeln/haltestellen/overview/175/
Kuenstr.,https://www.kvb.koeln/haltestellen/overview/828/
Kuthstr./Vingst,https://www.kvb.koeln/haltestellen/overview/10/
Kühzällerweg,https://www.kvb.koeln/haltestellen/overview/588/
Kürtenstr.,https://www.kvb.koeln/haltestellen/overview/522/
Kämpchensweg,https://www.kvb.koeln/haltestellen/overview/190/
Köln/Bonn Flughafen Terminal 1,https://www.kvb.koeln/haltestellen/overview/848/
Köln/Bonn Flughafen Terminal 2,https://www.kvb.koeln/haltestellen/overview/845/
Kölner Str.,https://www.kvb.koeln/haltestellen/overview/666/
Kölner Weg,https://www.kvb.koeln/haltestellen/overview/204/
Kölnstr.,https://www.kvb.koeln/haltestellen/overview/127/
Königsforst,https://www.kvb.koeln/haltestellen/overview/557/
Körnerstr.,https://www.kvb.koeln/haltestellen/overview/237/
Lacher Broch,https://www.kvb.koeln/haltestellen/overview/284/
Lahnstr.,https://www.kvb.koeln/haltestellen/overview/725/
Langel Fähre,https://www.kvb.koeln/haltestellen/overview/407/
Langel Kuhlenweg,https://www.kvb.koeln/haltestellen/overview/410/
Langel Mohlenweg,https://www.kvb.koeln/haltestellen/overview/409/
Langel Nord,https://www.kvb.koeln/haltestellen/overview/408/
Langenbergstr.,https://www.kvb.koeln/haltestellen/overview/984/
Leiblplatz,https://www.kvb.koeln/haltestellen/overview/147/
Leichweg,https://www.kvb.koeln/haltestellen/overview/71/
Leimbachweg,https://www.kvb.koeln/haltestellen/overview/620/
Leinsamenweg,https://www.kvb.koeln/haltestellen/overview/193/
Leipziger Platz,https://www.kvb.koeln/haltestellen/overview/307/
Lenauplatz,https://www.kvb.koeln/haltestellen/overview/247/
Lentpark,https://www.kvb.koeln/haltestellen/overview/925/
Leopold-Gmelin-Str.,https://www.kvb.koeln/haltestellen/overview/817/
Lerchenweg,https://www.kvb.koeln/haltestellen/overview/96/
Lessingstr.,https://www.kvb.koeln/haltestellen/overview/833/
Leuchterstr.,https://www.kvb.koeln/haltestellen/overview/608/
Leyboldstr.,https://www.kvb.koeln/haltestellen/overview/83/
Leyendeckerstr.,https://www.kvb.koeln/haltestellen/overview/255/
Liblarer Str.,https://www.kvb.koeln/haltestellen/overview/72/
Libur Kirche,https://www.kvb.koeln/haltestellen/overview/497/
Libur Margaretenstr.,https://www.kvb.koeln/haltestellen/overview/498/
Liebigstr.,https://www.kvb.koeln/haltestellen/overview/239/
Lina-Bommer-Weg,https://www.kvb.koeln/haltestellen/overview/937/
Lindenburg,https://www.kvb.koeln/haltestellen/overview/155/
Lindenbuschweg,https://www.kvb.koeln/haltestellen/overview/726/
Lindenweg,https://www.kvb.koeln/haltestellen/overview/847/
Linder Kreuz,https://www.kvb.koeln/haltestellen/overview/492/
Linder Mauspfad,https://www.kvb.koeln/haltestellen/overview/495/
Linder Weg,https://www.kvb.koeln/haltestellen/overview/494/
Lindweilerfeld,https://www.kvb.koeln/haltestellen/overview/393/
Lindweilerweg,https://www.kvb.koeln/haltestellen/overview/359/
Lippeweg,https://www.kvb.koeln/haltestellen/overview/616/
Lohsestr.,https://www.kvb.koeln/haltestellen/overview/305/
Longerich Friedhof,https://www.kvb.koeln/haltestellen/overview/357/
Longerich S-Bahn,https://www.kvb.koeln/haltestellen/overview/358/
Longericher Str.,https://www.kvb.koeln/haltestellen/overview/356/
Longericher Str./Etzelstr.,https://www.kvb.koeln/haltestellen/overview/860/
Lucasstr.,https://www.kvb.koeln/haltestellen/overview/499/
Ludwig-Quidde-Platz,https://www.kvb.koeln/haltestellen/overview/564/
Ludwigsburger Str.,https://www.kvb.koeln/haltestellen/overview/328/
Lustheide,https://www.kvb.koeln/haltestellen/overview/668/
LVR-Klinik,https://www.kvb.koeln/haltestellen/overview/843/
Lüderichstr.,https://www.kvb.koeln/haltestellen/overview/919/
Lülsdorf Nord,https://www.kvb.koeln/haltestellen/overview/280/
Maarhäuser Weg,https://www.kvb.koeln/haltestellen/overview/461/
Maarweg,https://www.kvb.koeln/haltestellen/overview/179/
Mannesmannstr.,https://www.kvb.koeln/haltestellen/overview/104/
Mannsfeld,https://www.kvb.koeln/haltestellen/overview/69/
Marconistr.,https://www.kvb.koeln/haltestellen/overview/854/
Marconistr. Ost,https://www.kvb.koeln/haltestellen/overview/858/
Margaretastr.,https://www.kvb.koeln/haltestellen/overview/273/
Maria-Himmelfahrt-Str.,https://www.kvb.koeln/haltestellen/overview/584/
Marienberger Weg,https://www.kvb.koeln/haltestellen/overview/392/
Marienburg Südpark,https://www.kvb.koeln/haltestellen/overview/80/
Marienburger Str.,https://www.kvb.koeln/haltestellen/overview/79/
Marienplatz,https://www.kvb.koeln/haltestellen/overview/658/
Marienstr.,https://www.kvb.koeln/haltestellen/overview/834/
Marktplatz Sürth,https://www.kvb.koeln/haltestellen/overview/126/
Marktstr.,https://www.kvb.koeln/haltestellen/overview/66/
Marsdorf,https://www.kvb.koeln/haltestellen/overview/235/
Maternusplatz,https://www.kvb.koeln/haltestellen/overview/109/
Mathias-Brüggen-Str.,https://www.kvb.koeln/haltestellen/overview/278/
Mauritiuskirche,https://www.kvb.koeln/haltestellen/overview/4/
Mauritiusschule,https://www.kvb.koeln/haltestellen/overview/724/
Max-Löbner-Str./Friesdorf,https://www.kvb.koeln/haltestellen/overview/698/
Mechternstr.,https://www.kvb.koeln/haltestellen/overview/771/
Meerfeldstr.,https://www.kvb.koeln/haltestellen/overview/355/
Melaten,https://www.kvb.koeln/haltestellen/overview/144/
Melatengürtel,https://www.kvb.koeln/haltestellen/overview/182/
Mennweg,https://www.kvb.koeln/haltestellen/overview/406/
Merheim,https://www.kvb.koeln/haltestellen/overview/540/
Merheimer Platz,https://www.kvb.koeln/haltestellen/overview/312/
Merianstr.,https://www.kvb.koeln/haltestellen/overview/396/
Merkenich,https://www.kvb.koeln/haltestellen/overview/417/
Merkenich Mitte,https://www.kvb.koeln/haltestellen/overview/416/
Merkenicher Str.,https://www.kvb.koeln/haltestellen/overview/349/
Merten,https://www.kvb.koeln/haltestellen/overview/676/
Meschenich Kirche,https://www.kvb.koeln/haltestellen/overview/86/
Methweg,https://www.kvb.koeln/haltestellen/overview/769/
Michaelshoven,https://www.kvb.koeln/haltestellen/overview/108/
Mohnweg,https://www.kvb.koeln/haltestellen/overview/142/
Moldaustr.,https://www.kvb.koeln/haltestellen/overview/989/
Mollwitzstr.,https://www.kvb.koeln/haltestellen/overview/336/
Moltkestr.,https://www.kvb.koeln/haltestellen/overview/28/
Mommsenstr.,https://www.kvb.koeln/haltestellen/overview/165/
Montanusstr.,https://www.kvb.koeln/haltestellen/overview/571/
Morsestr.,https://www.kvb.koeln/haltestellen/overview/853/
Moses-Hess-Str.,https://www.kvb.koeln/haltestellen/overview/640/
Mozartstr.,https://www.kvb.koeln/haltestellen/overview/747/
Museum Koenig,https://www.kvb.koeln/haltestellen/overview/683/
Mutzbach,https://www.kvb.koeln/haltestellen/overview/626/
Mühlengasse,https://www.kvb.koeln/haltestellen/overview/709/
Mühlenweg,https://www.kvb.koeln/haltestellen/overview/270/
Mühlenweiher,https://www.kvb.koeln/haltestellen/overview/435/
Mülhauser Str.,https://www.kvb.koeln/haltestellen/overview/773/
Mülheim Berliner Str.,https://www.kvb.koeln/haltestellen/overview/633/
Mülheim Wiener Platz,https://www.kvb.koeln/haltestellen/overview/570/
Mülheimer Friedhof,https://www.kvb.koeln/haltestellen/overview/519/
Mülheimer Ring,https://www.kvb.koeln/haltestellen/overview/800/
Müngersdorf S-Bahn/Technologiepark,https://www.kvb.koeln/haltestellen/overview/185/
Nachtigallenstr.,https://www.kvb.koeln/haltestellen/overview/490/
Neißestr.,https://www.kvb.koeln/haltestellen/overview/882/
Nesselrodestr.,https://www.kvb.koeln/haltestellen/overview/818/
Neue Eiler Str.,https://www.kvb.koeln/haltestellen/overview/457/
Neuenhofstr.,https://www.kvb.koeln/haltestellen/overview/455/
Neuenweg,https://www.kvb.koeln/haltestellen/overview/667/
Neuer Mülheimer Friedhof,https://www.kvb.koeln/haltestellen/overview/637/
Neufelder Str.,https://www.kvb.koeln/haltestellen/overview/585/
Neumarkt,https://www.kvb.koeln/haltestellen/overview/2/
Neusser Str./Gürtel,https://www.kvb.koeln/haltestellen/overview/303/
Neven DuMont Haus,https://www.kvb.koeln/haltestellen/overview/885/
Nibelungenplatz,https://www.kvb.koeln/haltestellen/overview/339/
Nibelungenstr.,https://www.kvb.koeln/haltestellen/overview/652/
Niehl Betriebshof Nord,https://www.kvb.koeln/haltestellen/overview/352/
Niehl Nord,https://www.kvb.koeln/haltestellen/overview/342/
Niehl Sebastianstr.,https://www.kvb.koeln/haltestellen/overview/343/
Niehler Damm,https://www.kvb.koeln/haltestellen/overview/351/
Niehler Kirchweg,https://www.kvb.koeln/haltestellen/overview/820/
Niehler Str.,https://www.kvb.koeln/haltestellen/overview/308/
Nievenheimer Str.,https://www.kvb.koeln/haltestellen/overview/327/
Nippes S-Bahn,https://www.kvb.koeln/haltestellen/overview/750/
Nordfriedhof,https://www.kvb.koeln/haltestellen/overview/338/
Nordstr.,https://www.kvb.koeln/haltestellen/overview/306/
Nußbaumerstr.,https://www.kvb.koeln/haltestellen/overview/246/
Nüssenberger Str.,https://www.kvb.koeln/haltestellen/overview/299/
Oberer Komarweg,https://www.kvb.koeln/haltestellen/overview/61/
Oberzündorf,https://www.kvb.koeln/haltestellen/overview/763/
Odenthaler Str.,https://www.kvb.koeln/haltestellen/overview/609/
Offenbachplatz,https://www.kvb.koeln/haltestellen/overview/969/
Okerstr.,https://www.kvb.koeln/haltestellen/overview/987/
Ollenhauerring,https://www.kvb.koeln/haltestellen/overview/298/
Ollenhauerstraße,https://www.kvb.koeln/haltestellen/overview/691/
Olof-Palme-Allee,https://www.kvb.koeln/haltestellen/overview/690/
Olpener Str.,https://www.kvb.koeln/haltestellen/overview/551/
Oranienstr.,https://www.kvb.koeln/haltestellen/overview/523/
Oranjehofstr.,https://www.kvb.koeln/haltestellen/overview/412/
Oskar-Jäger-Str.,https://www.kvb.koeln/haltestellen/overview/258/
Oskar-Schindler-Str.,https://www.kvb.koeln/haltestellen/overview/929/
Ossendorf,https://www.kvb.koeln/haltestellen/overview/271/
Osterather Str.,https://www.kvb.koeln/haltestellen/overview/815/
Ostfriedhof,https://www.kvb.koeln/haltestellen/overview/598/
Ostheim,https://www.kvb.koeln/haltestellen/overview/533/
Ostlandstr.,https://www.kvb.koeln/haltestellen/overview/227/
Ostmerheimer Str.,https://www.kvb.koeln/haltestellen/overview/543/
Otto-Hahn-Str.,https://www.kvb.koeln/haltestellen/overview/136/
Otto-Müller-Str.,https://www.kvb.koeln/haltestellen/overview/381/
Palmenhof,https://www.kvb.koeln/haltestellen/overview/809/
Pasteurstr.,https://www.kvb.koeln/haltestellen/overview/822/
Paul-Nießen-Str.,https://www.kvb.koeln/haltestellen/overview/916/
Paul-Reifenberg-Str.,https://www.kvb.koeln/haltestellen/overview/621/
Pesch Schulstr.,https://www.kvb.koeln/haltestellen/overview/373/
Pescher Weg,https://www.kvb.koeln/haltestellen/overview/380/
Pettenkoferstr.,https://www.kvb.koeln/haltestellen/overview/772/
Pierstr.,https://www.kvb.koeln/haltestellen/overview/135/
Piusstr.,https://www.kvb.koeln/haltestellen/overview/236/
Plittersdorfer Straße,https://www.kvb.koeln/haltestellen/overview/701/
Pohligstr.,https://www.kvb.koeln/haltestellen/overview/52/
Poll Hauptstr.,https://www.kvb.koeln/haltestellen/overview/442/
Poll Salmstr.,https://www.kvb.koeln/haltestellen/overview/438/
Poller Holzweg,https://www.kvb.koeln/haltestellen/overview/445/
Poller Kirchweg,https://www.kvb.koeln/haltestellen/overview/47/
Porz Markt,https://www.kvb.koeln/haltestellen/overview/467/
Porz Steinstr.,https://www.kvb.koeln/haltestellen/overview/466/
Porz-Langel Kirche,https://www.kvb.koeln/haltestellen/overview/767/
Porz-Langel Mühle,https://www.kvb.koeln/haltestellen/overview/765/
Porz-Langel Nord,https://www.kvb.koeln/haltestellen/overview/764/
Porz-Langel Süd,https://www.kvb.koeln/haltestellen/overview/703/
Porz-Langel Zur Eiche,https://www.kvb.koeln/haltestellen/overview/766/
Porzer Str.,https://www.kvb.koeln/haltestellen/overview/554/
Poststr.,https://www.kvb.koeln/haltestellen/overview/3/
Propsthof Nord,https://www.kvb.koeln/haltestellen/overview/43/
Prälat-van-Acken-Str.,https://www.kvb.koeln/haltestellen/overview/850/
Pulheimer Str.,https://www.kvb.koeln/haltestellen/overview/391/
Raiffeisenstr.,https://www.kvb.koeln/haltestellen/overview/444/
Ramrather Weg,https://www.kvb.koeln/haltestellen/overview/751/
Ranzel Weilerhof,https://www.kvb.koeln/haltestellen/overview/869/
Rath/Heumar,https://www.kvb.koeln/haltestellen/overview/556/
Rathaus,https://www.kvb.koeln/haltestellen/overview/6/
Refrath,https://www.kvb.koeln/haltestellen/overview/669/
Reichenspergerplatz,https://www.kvb.koeln/haltestellen/overview/34/
Reiherstr.,https://www.kvb.koeln/haltestellen/overview/777/
Rektor-Klein-Str.,https://www.kvb.koeln/haltestellen/overview/272/
Remscheider Str.,https://www.kvb.koeln/haltestellen/overview/516/
Rheinauhafen,https://www.kvb.koeln/haltestellen/overview/744/
Rheinbergstr.,https://www.kvb.koeln/haltestellen/overview/581/
RheinEnergieSTADION,https://www.kvb.koeln/haltestellen/overview/187/
Rheinkassel,https://www.kvb.koeln/haltestellen/overview/411/
Rheinlandstr.,https://www.kvb.koeln/haltestellen/overview/413/
Rheinsteinstr.,https://www.kvb.koeln/haltestellen/overview/64/
Rhöndorfer Str.,https://www.kvb.koeln/haltestellen/overview/159/
Richard-Wagner-Str.,https://www.kvb.koeln/haltestellen/overview/118/
Riehler Gürtel,https://www.kvb.koeln/haltestellen/overview/319/
Ritterstr.,https://www.kvb.koeln/haltestellen/overview/130/
Robert-Bosch-Str.,https://www.kvb.koeln/haltestellen/overview/415/
Robert-Kirchhoff-Straße,https://www.kvb.koeln/haltestellen/overview/696/
Robert-Perthel-Str.,https://www.kvb.koeln/haltestellen/overview/334/
Rochusplatz,https://www.kvb.koeln/haltestellen/overview/262/
Rodenkirchen Bf,https://www.kvb.koeln/haltestellen/overview/106/
Rodenkirchen Bismarckstr.,https://www.kvb.koeln/haltestellen/overview/780/
Rodenkirchen Rathaus,https://www.kvb.koeln/haltestellen/overview/111/
Roggenweg,https://www.kvb.koeln/haltestellen/overview/194/
Roisdorf West,https://www.kvb.koeln/haltestellen/overview/672/
Roisdorfer Str.,https://www.kvb.koeln/haltestellen/overview/59/
Rolshover Str.,https://www.kvb.koeln/haltestellen/overview/433/
Rondorf,https://www.kvb.koeln/haltestellen/overview/97/
Roonstr.,https://www.kvb.koeln/haltestellen/overview/29/
Rosenhügel,https://www.kvb.koeln/haltestellen/overview/228/
Rosenstr.,https://www.kvb.koeln/haltestellen/overview/13/
Rosmarinweg,https://www.kvb.koeln/haltestellen/overview/808/
Rotdornstr.,https://www.kvb.koeln/haltestellen/overview/50/
Rotdornweg,https://www.kvb.koeln/haltestellen/overview/721/
Roteichenweg,https://www.kvb.koeln/haltestellen/overview/879/
Rudolf-Diesel-Str.,https://www.kvb.koeln/haltestellen/overview/463/
Rudolfplatz,https://www.kvb.koeln/haltestellen/overview/27/
Rösrather Str.,https://www.kvb.koeln/haltestellen/overview/565/
Röttgensweg,https://www.kvb.koeln/haltestellen/overview/555/
Saarbrücker Str.,https://www.kvb.koeln/haltestellen/overview/536/
Saarstr.,https://www.kvb.koeln/haltestellen/overview/218/
Sauerlandstr.,https://www.kvb.koeln/haltestellen/overview/532/
Schadowstr.,https://www.kvb.koeln/haltestellen/overview/768/
Schaffrathsgasse,https://www.kvb.koeln/haltestellen/overview/242/
Schanzenstr. Nord,https://www.kvb.koeln/haltestellen/overview/908/
Schanzenstr./Schauspielhaus,https://www.kvb.koeln/haltestellen/overview/891/
Scheibenstr.,https://www.kvb.koeln/haltestellen/overview/337/
Scheuermühlenstr.,https://www.kvb.koeln/haltestellen/overview/887/
Schillingsrotter Str.,https://www.kvb.koeln/haltestellen/overview/122/
Schirmerstr.,https://www.kvb.koeln/haltestellen/overview/770/
Schlagbaumsweg,https://www.kvb.koeln/haltestellen/overview/593/
Schlebusch,https://www.kvb.koeln/haltestellen/overview/663/
Schlehdornstr.,https://www.kvb.koeln/haltestellen/overview/931/
Schlettstadter Str.,https://www.kvb.koeln/haltestellen/overview/418/
Schloss Röttgen,https://www.kvb.koeln/haltestellen/overview/558/
Schmiedegasse,https://www.kvb.koeln/haltestellen/overview/340/
Schneider-Clauss-Str.,https://www.kvb.koeln/haltestellen/overview/829/
Schokoladenmuseum,https://www.kvb.koeln/haltestellen/overview/719/
Schulzentrum Wahn,https://www.kvb.koeln/haltestellen/overview/886/
Schumacherring,https://www.kvb.koeln/haltestellen/overview/895/
Schwabenstr.,https://www.kvb.koeln/haltestellen/overview/121/
Schwadorf,https://www.kvb.koeln/haltestellen/overview/739/
Schwindstr.,https://www.kvb.koeln/haltestellen/overview/198/
Schüttewerk,https://www.kvb.koeln/haltestellen/overview/440/
Schützenhofstr.,https://www.kvb.koeln/haltestellen/overview/935/
Schönhauser Str.,https://www.kvb.koeln/haltestellen/overview/65/
Sechzigstr.,https://www.kvb.koeln/haltestellen/overview/311/
Seeberg,https://www.kvb.koeln/haltestellen/overview/395/
Seithümerstr.,https://www.kvb.koeln/haltestellen/overview/213/
Selma-Lagerlöf-Str.,https://www.kvb.koeln/haltestellen/overview/221/
Seniorenzentrum Riehl,https://www.kvb.koeln/haltestellen/overview/320/
Servatiusstr.,https://www.kvb.koeln/haltestellen/overview/537/
Severinsbrücke,https://www.kvb.koeln/haltestellen/overview/45/
Severinskirche,https://www.kvb.koeln/haltestellen/overview/15/
Severinstr.,https://www.kvb.koeln/haltestellen/overview/11/
Severinusstr.,https://www.kvb.koeln/haltestellen/overview/219/
Sibille-Hartmann-Str.,https://www.kvb.koeln/haltestellen/overview/782/
Siebengebirgsallee,https://www.kvb.koeln/haltestellen/overview/168/
Siedlung Mielenforst,https://www.kvb.koeln/haltestellen/overview/599/
Siegburger Str.,https://www.kvb.koeln/haltestellen/overview/448/
Siegfriedstr.,https://www.kvb.koeln/haltestellen/overview/116/
Siegstr.,https://www.kvb.koeln/haltestellen/overview/107/
Siemensstr.,https://www.kvb.koeln/haltestellen/overview/469/
Sigwinstr.,https://www.kvb.koeln/haltestellen/overview/613/
Silbermöwenweg,https://www.kvb.koeln/haltestellen/overview/14/
Sinnersdorf Kirche,https://www.kvb.koeln/haltestellen/overview/704/
Sinnersdorfer Mühle,https://www.kvb.koeln/haltestellen/overview/379/
Slabystr.,https://www.kvb.koeln/haltestellen/overview/315/
Sparkasse Am Butzweilerhof,https://www.kvb.koeln/haltestellen/overview/903/
Spitzangerweg,https://www.kvb.koeln/haltestellen/overview/217/
Sportplatzstr.,https://www.kvb.koeln/haltestellen/overview/656/
Sprengelstr.,https://www.kvb.koeln/haltestellen/overview/819/
St. Vinzenz-Hospital,https://www.kvb.koeln/haltestellen/overview/824/
St.-Joseph-Kirche,https://www.kvb.koeln/haltestellen/overview/354/
St.-Tönnis-Str.,https://www.kvb.koeln/haltestellen/overview/426/
Staffelbergstr.,https://www.kvb.koeln/haltestellen/overview/985/
Stallagsweg,https://www.kvb.koeln/haltestellen/overview/390/
Stammheim S-Bahn,https://www.kvb.koeln/haltestellen/overview/813/
Stammheimer Ring,https://www.kvb.koeln/haltestellen/overview/641/
Stegerwaldsiedlung,https://www.kvb.koeln/haltestellen/overview/567/
Steinkauzweg,https://www.kvb.koeln/haltestellen/overview/286/
Steinmetzstr.,https://www.kvb.koeln/haltestellen/overview/515/
Steinstr. S-Bahn,https://www.kvb.koeln/haltestellen/overview/625/
Steinweg,https://www.kvb.koeln/haltestellen/overview/553/
Sterrenhofweg,https://www.kvb.koeln/haltestellen/overview/205/
Stolberger Str.,https://www.kvb.koeln/haltestellen/overview/778/
Stolberger Str./Eupener Str.,https://www.kvb.koeln/haltestellen/overview/183/
Stommeler Str.,https://www.kvb.koeln/haltestellen/overview/839/
Stormstr.,https://www.kvb.koeln/haltestellen/overview/225/
Straßburger Platz,https://www.kvb.koeln/haltestellen/overview/563/
Stresemannstr.,https://www.kvb.koeln/haltestellen/overview/465/
Stüttgenhof,https://www.kvb.koeln/haltestellen/overview/234/
Subbelrather Str./Gürtel,https://www.kvb.koeln/haltestellen/overview/245/
Suevenstr.,https://www.kvb.koeln/haltestellen/overview/40/
Swinestr.,https://www.kvb.koeln/haltestellen/overview/988/
Südallee,https://www.kvb.koeln/haltestellen/overview/207/
Sülz Hermeskeiler Platz,https://www.kvb.koeln/haltestellen/overview/166/
Sülzburgstr.,https://www.kvb.koeln/haltestellen/overview/152/
Sülzgürtel,https://www.kvb.koeln/haltestellen/overview/160/
Sürth Bf,https://www.kvb.koeln/haltestellen/overview/124/
Sürth Rodderweg,https://www.kvb.koeln/haltestellen/overview/664/
Sürther Feldallee,https://www.kvb.koeln/haltestellen/overview/226/
Tacitusstr.,https://www.kvb.koeln/haltestellen/overview/68/
Takustr.,https://www.kvb.koeln/haltestellen/overview/836/
Talweg,https://www.kvb.koeln/haltestellen/overview/805/
Tannenbusch Mitte,https://www.kvb.koeln/haltestellen/overview/694/
Tannenbusch Süd,https://www.kvb.koeln/haltestellen/overview/693/
Taubenholzweg,https://www.kvb.koeln/haltestellen/overview/446/
Technologiepark Köln,https://www.kvb.koeln/haltestellen/overview/197/
Theodor-Heuss-Str.,https://www.kvb.koeln/haltestellen/overview/464/
Theresienstr.,https://www.kvb.koeln/haltestellen/overview/149/
Thermalbad,https://www.kvb.koeln/haltestellen/overview/806/
Thielenbruch,https://www.kvb.koeln/haltestellen/overview/596/
Thurner Kamp,https://www.kvb.koeln/haltestellen/overview/600/
Trifelsstr.,https://www.kvb.koeln/haltestellen/overview/789/
Trimbornstr.,https://www.kvb.koeln/haltestellen/overview/816/
Troisdorfer Str.,https://www.kvb.koeln/haltestellen/overview/493/
TÜV-Akademie,https://www.kvb.koeln/haltestellen/overview/799/
Ubierring,https://www.kvb.koeln/haltestellen/overview/17/
Uedorf,https://www.kvb.koeln/haltestellen/overview/679/
Uferstr.,https://www.kvb.koeln/haltestellen/overview/114/
Ulrepforte,https://www.kvb.koeln/haltestellen/overview/19/
Universität,https://www.kvb.koeln/haltestellen/overview/153/
Universität/Markt,https://www.kvb.koeln/haltestellen/overview/686/
Universitätsstr.,https://www.kvb.koeln/haltestellen/overview/143/
Unnauer Weg,https://www.kvb.koeln/haltestellen/overview/394/
Unter Buschweg,https://www.kvb.koeln/haltestellen/overview/529/
Unter Gottes Gnaden,https://www.kvb.koeln/haltestellen/overview/978/
Unter Sachsenhausen,https://www.kvb.koeln/haltestellen/overview/968/
Urbach Friedhof,https://www.kvb.koeln/haltestellen/overview/479/
Urbach Kaiserstr.,https://www.kvb.koeln/haltestellen/overview/511/
Urbach Waldstr.,https://www.kvb.koeln/haltestellen/overview/510/
Urfeld,https://www.kvb.koeln/haltestellen/overview/743/
Venloer Str./Gürtel,https://www.kvb.koeln/haltestellen/overview/251/
Vingst,https://www.kvb.koeln/haltestellen/overview/521/
Vitalisstr. Nord,https://www.kvb.koeln/haltestellen/overview/659/
Vitalisstr. Süd,https://www.kvb.koeln/haltestellen/overview/195/
Vogelsanger Markt,https://www.kvb.koeln/haltestellen/overview/289/
Vogelsbergstr.,https://www.kvb.koeln/haltestellen/overview/983/
Volkhovener Weg,https://www.kvb.koeln/haltestellen/overview/402/
Volksgarten,https://www.kvb.koeln/haltestellen/overview/913/
Voltastr.,https://www.kvb.koeln/haltestellen/overview/901/
Von-Galen-Str.,https://www.kvb.koeln/haltestellen/overview/639/
Von-Hünefeld-Str.,https://www.kvb.koeln/haltestellen/overview/277/
Von-Lohe-Str.,https://www.kvb.koeln/haltestellen/overview/635/
Von-Quadt-Str.,https://www.kvb.koeln/haltestellen/overview/601/
Von-Sparr-Str.,https://www.kvb.koeln/haltestellen/overview/632/
Wahn Friedhof,https://www.kvb.koeln/haltestellen/overview/491/
Wahn Kirche,https://www.kvb.koeln/haltestellen/overview/489/
Wahn S-Bahn,https://www.kvb.koeln/haltestellen/overview/488/
Waidmarkt,https://www.kvb.koeln/haltestellen/overview/12/
Walberberg,https://www.kvb.koeln/haltestellen/overview/677/
Waldorf,https://www.kvb.koeln/haltestellen/overview/675/
Walter-Dodde-Weg,https://www.kvb.koeln/haltestellen/overview/421/
Walter-Pauli-Ring,https://www.kvb.koeln/haltestellen/overview/243/
Wasseramselweg,https://www.kvb.koeln/haltestellen/overview/965/
Wasserwerk,https://www.kvb.koeln/haltestellen/overview/75/
Wattstr.,https://www.kvb.koeln/haltestellen/overview/873/
WDR,https://www.kvb.koeln/haltestellen/overview/292/
Weichselring,https://www.kvb.koeln/haltestellen/overview/403/
Weiden Einkaufszentrum,https://www.kvb.koeln/haltestellen/overview/791/
Weiden Lübecker Str.,https://www.kvb.koeln/haltestellen/overview/966/
Weiden Römergrab,https://www.kvb.koeln/haltestellen/overview/241/
Weiden Sportplatz,https://www.kvb.koeln/haltestellen/overview/224/
Weiden West,https://www.kvb.koeln/haltestellen/overview/702/
Weiden Zentrum,https://www.kvb.koeln/haltestellen/overview/261/
Weidenpescher Str.,https://www.kvb.koeln/haltestellen/overview/347/
Weilburger Str.,https://www.kvb.koeln/haltestellen/overview/526/
Weiler,https://www.kvb.koeln/haltestellen/overview/401/
Weilerweg,https://www.kvb.koeln/haltestellen/overview/811/
Weinsbergstr./Gürtel,https://www.kvb.koeln/haltestellen/overview/254/
Weiß Friedhof,https://www.kvb.koeln/haltestellen/overview/132/
Weißer Hauptstr.,https://www.kvb.koeln/haltestellen/overview/131/
Weißhausstr.,https://www.kvb.koeln/haltestellen/overview/150/
Welserstr.,https://www.kvb.koeln/haltestellen/overview/651/
Wendelinstr.,https://www.kvb.koeln/haltestellen/overview/188/
Weserpromenade,https://www.kvb.koeln/haltestellen/overview/881/
Wesseling,https://www.kvb.koeln/haltestellen/overview/741/
Wesseling Nord,https://www.kvb.koeln/haltestellen/overview/742/
Wesseling Süd,https://www.kvb.koeln/haltestellen/overview/740/
Wesselinger Str.,https://www.kvb.koeln/haltestellen/overview/125/
Westerwaldstr.,https://www.kvb.koeln/haltestellen/overview/99/
Westfriedhof,https://www.kvb.koeln/haltestellen/overview/283/
Westhoven Berliner Str.,https://www.kvb.koeln/haltestellen/overview/450/
Westhoven Kölner Str.,https://www.kvb.koeln/haltestellen/overview/449/
Weyertal,https://www.kvb.koeln/haltestellen/overview/154/
Wezelostr.,https://www.kvb.koeln/haltestellen/overview/400/
Wichheimer Str.,https://www.kvb.koeln/haltestellen/overview/579/
Widdersdorf,https://www.kvb.koeln/haltestellen/overview/231/
Widdersdorfer Str.,https://www.kvb.koeln/haltestellen/overview/196/
Widdig,https://www.kvb.koeln/haltestellen/overview/680/
Wiedenfelder Weg,https://www.kvb.koeln/haltestellen/overview/428/
Wiedstr.,https://www.kvb.koeln/haltestellen/overview/654/
Wiehler Str.,https://www.kvb.koeln/haltestellen/overview/544/
Wiener Weg,https://www.kvb.koeln/haltestellen/overview/209/
Wiesenweg,https://www.kvb.koeln/haltestellen/overview/478/
Wildpark,https://www.kvb.koeln/haltestellen/overview/623/
Wilhelm-Leuschner-Str.,https://www.kvb.koeln/haltestellen/overview/727/
Wilhelm-Mauser-Str.,https://www.kvb.koeln/haltestellen/overview/265/
Wilhelm-Sollmann-Str.,https://www.kvb.koeln/haltestellen/overview/362/
Wilhelmstr.,https://www.kvb.koeln/haltestellen/overview/825/
Willi-Lauf-Allee,https://www.kvb.koeln/haltestellen/overview/244/
Windmühlenstr.,https://www.kvb.koeln/haltestellen/overview/961/
Wiso-Fakultät,https://www.kvb.koeln/haltestellen/overview/846/
Wolffsohnstr.,https://www.kvb.koeln/haltestellen/overview/282/
Worringen S-Bahn,https://www.kvb.koeln/haltestellen/overview/420/
Worringen Süd,https://www.kvb.koeln/haltestellen/overview/425/
Worringer Str.,https://www.kvb.koeln/haltestellen/overview/37/
Wupperplatz,https://www.kvb.koeln/haltestellen/overview/944/
Wurzerstraße,https://www.kvb.koeln/haltestellen/overview/700/
Wüllnerstr.,https://www.kvb.koeln/haltestellen/overview/169/
Würzburger Str.,https://www.kvb.koeln/haltestellen/overview/520/
Xantener Str.,https://www.kvb.koeln/haltestellen/overview/323/
Zaunhof,https://www.kvb.koeln/haltestellen/overview/141/
Zaunstr.,https://www.kvb.koeln/haltestellen/overview/215/
Zollstock Südfriedhof,https://www.kvb.koeln/haltestellen/overview/57/
Zollstockgürtel,https://www.kvb.koeln/haltestellen/overview/56/
Zollstocksweg,https://www.kvb.koeln/haltestellen/overview/58/
Zonser Str.,https://www.kvb.koeln/haltestellen/overview/837/
Zoo/Flora,https://www.kvb.koeln/haltestellen/overview/313/
Zugweg,https://www.kvb.koeln/haltestellen/overview/914/
Zum Dammfelde,https://www.kvb.koeln/haltestellen/overview/979/
Zum Hedelsberg,https://www.kvb.koeln/haltestellen/overview/133/
Zum Neuen Kreuz,https://www.kvb.koeln/haltestellen/overview/807/
Zur Abtei,https://www.kvb.koeln/haltestellen/overview/804/
Zülpicher Platz,https://www.kvb.koeln/haltestellen/overview/24/
Zülpicher Str./Gürtel,https://www.kvb.koeln/haltestellen/overview/164/
Zündorf,https://www.kvb.koeln/haltestellen/overview/486/
Zündorf Altersheim,https://www.kvb.koeln/haltestellen/overview/759/
Zündorf Kirche,https://www.kvb.koeln/haltestellen/overview/758/
Zündorf Marktstr.,https://www.kvb.koeln/haltestellen/overview/757/
Zündorf Mitte,https://www.kvb.koeln/haltestellen/overview/760/
Zündorf Olefsgasse,https://www.kvb.koeln/haltestellen/overview/761/
Zündorf Ranzeler Str.,https://www.kvb.koeln/haltestellen/overview/762/
Zündorfer Weg,https://www.kvb.koeln/haltestellen/overview/447/
Zypressenstr.,https://www.kvb.koeln/haltestellen/overview/389/
Üdesheimer Weg,https://www.kvb.koeln/haltestellen/overview/434/
Üsdorf,https://www.kvb.koeln/haltestellen/overview/223/
